,avg
0,0.003542991822991822
1,-0.007584311367644697
2,-0.02334
3,0.018767388167388165
4,0.0030162818662818626
5,-0.0027411038961038955
6,-0.004076841029341031
7,0.0163424253113142
8,0.009249226403226405
9,0.0020914579247912606
10,0.027466984455873335
11,-0.003085008818342151
12,-0.013997480158730157
13,-0.015162367056811503
14,0.007983914141414142
15,-0.012087436267436264
16,-0.0026322513597513628
17,-0.003543519854630963
18,0.008628583453583449
19,0.021460829725829723
20,0.005247779381112715
21,0.005846426906426906
22,0.027837314352314353
23,-0.013302244668911337
24,-0.006141120731120731
25,0.0007059557479557457
26,-0.007888767436267433
27,0.009368691953549096
28,0.052149566370778486
29,0.039924963924963926
30,0.02136772727272727
31,0.02432875901875902
32,0.016962352092352095
33,0.0003593480153004007
34,0.0011896375661375677
35,0.012175329329860384
36,0.02886825246512746
37,0.02789055395222062
38,0.02024372849372849
39,-0.009163251563251564
40,-0.004956183261183261
41,0.035086179653679654
42,0.023783268398268397
43,0.012244150499706055
44,-0.0019901677026677007
45,0.01714514979729265
46,0.027230152810152806
47,0.020801493964589204
48,0.0056580230880230896
49,0.012057842980065204
50,0.015503716505716502
51,-0.013720762385762383
52,0.010293975468975466
53,0.005021522366522366
54,0.011342520442520439
55,0.015251210918710918
56,0.010365164742664742
57,0.03125866883116883
58,-0.011700935407185404
59,-0.005017302635635972
60,0.00036939125689125594
61,-0.008173611943611945
62,0.050517723531612414
63,0.02566692052803164
64,0.024673681873681873
65,0.004058381525881523
66,0.020111725722836832
67,0.027707383357383358
68,0.008546120731120732
69,-0.0047833419358419334
70,-7.452719046922157e-05
71,0.015294331501831501
72,0.028699389129389137
73,0.008989842873176205
74,0.029952916065416068
75,0.005978209444876108
76,9.005627705627531e-05
77,0.010865969215969214
78,0.010416453823953821
79,0.020455799663299665
80,-0.005169472502805832
81,-0.0062937950937950946
82,0.010867190476190476
83,0.008820710678210678
84,0.010849465534465535
85,-0.011235138421249534
86,0.033701250006607154
87,0.01467548285048285
88,-0.0011810621091871074
89,0.005775419272085943
90,-0.005044998797498796
91,-0.0068285016835016865
92,-0.009661252739030518
93,0.0034847715247715225
94,-0.009753404521404522
95,0.0038600395489284322
96,0.014952335016835013
97,0.00883816257816258
98,0.030960787397787393
99,-0.02316367377478488
100,0.021741560846560846
101,0.0008344877344877333
102,0.011193473785473787
103,0.0022512698412698413
104,0.011656777555777553
105,-0.0109807000962001
106,0.02097656725990059
107,-0.00028432900432900574
108,0.003622079046494635
109,-0.0019974134199134204
110,0.015504946145124716
111,0.011403411095077764
112,-0.0061580899259470676
113,0.018694496151996153
114,-0.0054424771524771536
115,0.002656777296777297
116,0.009662477508773805
117,0.015366724386724383
118,0.0030568569290791497
119,0.003704618807118808
120,-0.0013937518037518046
121,0.030036560712949596
122,0.015030836940836938
123,0.010528748642891498
124,-0.0004329268879268871
125,0.03317901501790391
126,0.01171729677729678
127,0.008975892831448387
128,0.03713475080475081
129,0.03286252044252044
130,0.02555078884078884
131,-0.006702760942760946
132,0.02822748547748548
133,0.012830031265031263
134,0.014911477015048444
135,-0.0008946190476190489
136,-0.008742958840101697
137,0.00043613997113997155
138,0.0028595024317246507
139,0.024650786435786436
140,0.015304335016835013
141,0.02171703291417577
142,-0.0029185371213148992
143,0.005137266714766716
144,0.02838595364071555
145,-0.004572367724867727
146,0.00610020803270803
147,-0.00041056517556517546
148,0.009632263415596747
149,0.010317744107744112
150,0.014595627705627705
151,0.02612274613246835
152,-0.002834298941798944
153,-0.012585329485329486
154,0.021300737534070868
155,0.0018441066341066351
156,0.003028816738816738
157,0.009403558201058204
158,0.01544646464646465
159,0.029165591630591625
160,0.012618290043290039
161,0.010576144781144778
162,0.000695687229437228
163,0.019079900839900837
164,0.002707920474587142
165,-0.01781610140520854
166,0.006557590788840788
167,0.0023640175565175585
168,0.010203116883116882
169,-0.0003310137085137086
170,-0.0005667548500881838
171,0.03394523088023088
172,0.023888124098124096
173,0.0019217679439901647
174,0.014072330447330448
175,0.0271125962000962
176,-0.006727107429607427
177,0.026726519159852486
178,0.02151042328042328
179,0.03894140211640211
180,0.04437658749246051
181,0.024253768638768637
182,0.01726288961038961
183,0.014993949701092555
184,0.022196519427074977
185,0.04054916402116402
186,0.0461093961038961
187,0.01705670274170274
188,-0.000965175393389683
189,-0.004783201520701527
190,0.031552503228693705
191,0.018387650127650125
192,0.021978865373309817
193,0.018461169900058787
194,-0.02157787397787398
195,0.007415179172679169
196,0.0277129415851638
197,-0.010791892736892735
198,0.032697350982350985
199,0.002801731601731603
200,0.007957477152477152
201,-0.0034788997113997092
202,0.02051481120731121
203,0.018873200256533593
204,0.029636035353535355
205,0.01905454064454065
206,0.011
