,neg,neu,pos,polarity,subjectivity
8/8/08,0.184016,0.206984615,0.061824,-0.000177653,0.232064281
8/15/08,0.185888,0.214738462,0.048912,0.007263636,0.196829798
8/22/08,0.201864,0.218746154,0.06572,-0.012438485,0.176402398
8/29/08,0.17613,0.196076923,0.0701,-0.001516595,0.18857886
9/5/08,0.190504,0.217907692,0.047016,-0.017613636,0.226474387
9/12/08,0.19792,0.219284615,0.043424,-0.029066364,0.21359824
9/19/08,0.189744,0.207753846,0.039208,-0.021015296,0.166594517
9/26/08,0.179952,0.2106,0.075784,0.058550072,0.210763203
10/3/08,0.17124,0.193569231,0.055848,-0.02041797,0.200006888
10/10/08,0.156512,0.177569231,0.07896,0.026450534,0.196151833
10/17/08,0.178768,0.203223077,0.079008,0.028967359,0.264605714
10/24/08,0.213736,0.230192308,0.065704,-0.034449567,0.242920635
10/31/08,0.188632,0.205907692,0.082384,-0.006329315,0.189909004
11/7/08,0.202176,0.223061538,0.052152,-0.001824367,0.250041395
11/14/08,0.13548,0.1638,0.070528,0.008610534,0.179166118
11/21/08,0.17732,0.199038462,0.05809,0.02600729,0.18594455
11/28/08,0.180576,0.201461538,0.089408,-0.004034075,0.24072688
12/5/08,0.205408,0.218353846,0.071496,0.022532528,0.244241645
12/12/08,0.176872,0.198715385,0.05816,-0.00609526,0.22075888
12/19/08,0.17506,0.197326923,0.07102,0.012324856,0.216831926
12/26/08,0.1918,0.222884615,0.0718,0.051899375,0.245257191
1/2/09,0.189992,0.210753846,0.048648,0.007921072,0.196941297
1/9/09,0.167216,0.188853846,0.051808,0.014253247,0.185758672
1/16/09,0.22396,0.246855769,0.04991,-0.024757828,0.212383448
1/23/09,0.18632,0.211376923,0.061936,-0.016134993,0.239184257
1/30/09,0.163536,0.186623077,0.068656,-0.011859968,0.283291681
2/6/09,0.18188,0.206023077,0.053344,-0.002220303,0.257723434
2/13/09,0.177,0.201586538,0.05989,-0.031339947,0.194265921
2/20/09,0.177136,0.200815385,0.066688,0.006191061,0.248491212
2/27/09,0.18208,0.210415385,0.061912,0.009776768,0.213265152
3/6/09,0.20012,0.220392308,0.060288,-0.022689596,0.263422424
3/13/09,0.197624,0.219984615,0.059032,-0.001485277,0.235588932
3/20/09,0.217264,0.236623077,0.052272,0.00074619,0.206108195
3/27/09,0.17164,0.190853846,0.059832,-0.006010693,0.224056263
4/3/09,0.16124,0.190976923,0.052272,-0.022518038,0.200153745
4/10/09,0.17788,0.200961538,0.05071,0.020174627,0.178685221
4/17/09,0.177944,0.199084615,0.071256,0.002743935,0.232251563
4/24/09,0.168936,0.190638462,0.055856,0.014513232,0.247830435
5/1/09,0.178536,0.201369231,0.05976,0.031231212,0.26402811
5/8/09,0.186,0.203530769,0.068104,0.011690447,0.277115267
5/15/09,0.169248,0.187661538,0.058136,0.021600144,0.201159264
5/22/09,0.16873,0.193490385,0.07136,-0.015192677,0.252404834
5/29/09,0.130192,0.158346154,0.059984,0.026933316,0.219145721
6/5/09,0.1546,0.179084615,0.072536,-0.015240462,0.236175758
6/12/09,0.157952,0.186007692,0.062808,0.015183532,0.280090533
6/19/09,0.169368,0.189461538,0.090136,0.040491097,0.230809582
6/26/09,0.163312,0.184646154,0.075336,0.027380072,0.217883925
7/3/09,0.21731,0.238413462,0.04732,-0.064155141,0.283508201
7/10/09,0.21832,0.243130769,0.060832,-0.024797609,0.267009125
7/17/09,0.16996,0.193338462,0.060408,0.012515368,0.262111227
7/24/09,0.176792,0.201723077,0.06372,0.006408367,0.260800545
7/31/09,0.136752,0.159915385,0.056504,-0.004996455,0.242695402
8/7/09,0.157328,0.184507692,0.058584,-0.034036445,0.219547845
8/14/09,0.143736,0.171230769,0.061472,0.018258911,0.263823319
8/21/09,0.1608,0.182492308,0.065112,-0.009189764,0.285761918
8/28/09,0.152184,0.174261538,0.072416,0.027927148,0.298104154
9/4/09,0.13355,0.161673077,0.06204,0.062559903,0.274932459
9/11/09,0.137095273,0.167160201,0.080193455,0.043821297,0.224977152
9/18/09,0.151392,0.176223077,0.076264,0.038749899,0.281018442
9/25/09,0.167392,0.1917,0.080744,0.041100029,0.314887504
10/2/09,0.179296,0.199553846,0.075016,0.017129444,0.278060476
10/9/09,0.161224,0.186315385,0.077992,0.02560601,0.23130658
10/16/09,0.145648,0.172646154,0.08228,0.031595132,0.284485618
10/23/09,0.171376,0.1961,0.065464,0.017062386,0.264323306
10/30/09,0.149056,0.173238462,0.061912,0.00357873,0.239834834
11/6/09,0.14132,0.168776923,0.06552,0.030345974,0.279678831
11/13/09,0.151448,0.174153846,0.071688,0.016840311,0.282377627
11/20/09,0.19194,0.213865385,0.03991,-0.020241856,0.255435804
11/27/09,0.189888,0.213130769,0.053888,-0.006009901,0.278605272
12/4/09,0.160784,0.185338462,0.065984,0.008389177,0.285162627
12/11/09,0.204496,0.224823077,0.059312,-0.003748735,0.268942305
12/18/09,0.178013217,0.195334615,0.074961043,0.028099394,0.251868656
12/25/09,0.15229,0.176586538,0.07151,0.024594928,0.29696749
1/1/10,0.17523,0.201384615,0.06523,0.033141576,0.266428295
1/8/10,0.17776,0.197761538,0.063904,0.024732602,0.296680063
1/15/10,0.15615,0.179201923,0.06652,0.031837994,0.261434888
1/22/10,0.156232,0.178246154,0.063448,0.027527702,0.272149631
1/29/10,0.15688,0.183207692,0.077072,0.012959755,0.228899394
2/5/10,0.154144,0.1753,0.081992,-0.011968196,0.256419769
2/12/10,0.2049,0.231211538,0.04516,-0.005657071,0.24577702
2/19/10,0.194696,0.217992308,0.063216,-6.74E-06,0.220733463
2/26/10,0.173232,0.198546154,0.058792,-0.009905628,0.289315729
3/5/10,0.1634,0.182169231,0.08448,0.041961378,0.23973684
3/12/10,0.145232,0.173184615,0.057656,0.028210981,0.264438456
3/19/10,0.17088,0.196838462,0.055928,0.022308745,0.307765522
3/26/10,0.2008,0.218230769,0.056744,0.025257792,0.216048817
4/2/10,0.20843,0.229076923,0.06458,-0.015960311,0.285058309
4/9/10,0.174016,0.190692308,0.07508,0.03480772,0.254248644
4/16/10,0.165712,0.186615385,0.068968,-0.002747839,0.296408583
4/23/10,0.149616,0.172276923,0.053968,-0.001232496,0.195802049
4/30/10,0.176872,0.196046154,0.078584,0.028406744,0.283079092
5/7/10,0.169584,0.192992308,0.073528,0.005883556,0.275394726
5/14/10,0.172904,0.198138462,0.056824,0.04241805,0.287298363
5/21/10,0.168048,0.187946154,0.052368,0.012042256,0.244065406
5/28/10,0.16592,0.184913462,0.05201,0.044085841,0.276876611
6/4/10,0.170216,0.188984615,0.055856,0.002174017,0.273030555
6/11/10,0.160768,0.182415385,0.064344,0.003066984,0.256578009
6/18/10,0.145016,0.173653846,0.05576,0.008249062,0.247105339
6/25/10,0.164976,0.1863,0.06084,-0.000192405,0.275209447
7/2/10,0.18402,0.206942308,0.05811,0.027370653,0.225744246
7/9/10,0.163,0.184876923,0.066368,-0.002998247,0.253140729
7/16/10,0.132512,0.159938462,0.071056,0.03400568,0.259587905
7/23/10,0.150776,0.179753846,0.070808,-0.008254685,0.254674829
7/30/10,0.158488,0.177107692,0.04956,-0.01918684,0.280287273
8/6/10,0.157632,0.184930769,0.073224,-0.001063001,0.203969149
8/13/10,0.150184,0.177369231,0.067704,0.021650952,0.228964589
8/20/10,0.15944,0.187738462,0.056272,-0.027916147,0.191790548
8/27/10,0.159856,0.182207692,0.055016,0.037959192,0.220739899
9/3/10,0.1644,0.185586538,0.06283,-0.006377165,0.239103896
9/10/10,0.152384,0.172823077,0.05356,0.025518268,0.221974069
9/17/10,0.164752,0.186676923,0.078976,0.039026234,0.247577835
9/24/10,0.177392,0.200723077,0.051256,-0.008523812,0.232168826
10/1/10,0.129528,0.157,0.081152,0.012864863,0.250161659
10/8/10,0.1614,0.184361538,0.088792,0.007865467,0.270012419
10/15/10,0.145608,0.168869231,0.066352,0.059042554,0.290600029
10/22/10,0.180608,0.203215385,0.058328,0.003474784,0.224688081
10/29/10,0.154864,0.180923077,0.052008,-0.014011663,0.244018042
11/5/10,0.150272,0.176930769,0.057224,-0.009390208,0.297745443
11/12/10,0.156992,0.182553846,0.05588,-0.012707328,0.221130174
11/19/10,0.15797,0.182769231,0.05767,0.004595229,0.26749825
11/26/10,0.187568,0.210238462,0.063824,-0.013011991,0.282952722
12/3/10,0.1302,0.158515385,0.069808,0.013750774,0.232515847
12/10/10,0.168792,0.192707692,0.069952,-0.008841864,0.187076862
12/17/10,0.158792,0.180892308,0.052656,-0.00750536,0.21970808
12/24/10,0.1564,0.181423077,0.06442,0.033763642,0.26004801
12/31/10,0.149584,0.172346154,0.053576,0.063920988,0.302530289
1/7/11,0.160608,0.184930769,0.070488,0.023368884,0.243275416
1/14/11,0.1256,0.149423077,0.06529,0.028539466,0.237738848
1/21/11,0.152,0.178107692,0.054384,0.013775166,0.252892165
1/28/11,0.137776,0.164169231,0.071152,0.035572198,0.265649573
2/4/11,0.121168,0.152676923,0.049728,8.86E-06,0.20408102
2/11/11,0.18456,0.210776923,0.062528,0.008107898,0.224453485
2/18/11,0.15494,0.1845,0.05751,0.00607506,0.268016787
2/25/11,0.152624,0.177715385,0.061192,0.031341058,0.244001481
3/4/11,0.183864,0.209292308,0.055912,0.03240279,0.253689923
3/11/11,0.134384,0.159376923,0.069872,0.023011977,0.237200101
3/18/11,0.157,0.180361538,0.061248,0.002367667,0.232877427
3/25/11,0.168112,0.193246154,0.04844,0.014724574,0.224058422
4/1/11,0.177192,0.201138462,0.057904,0.001840281,0.217500967
4/8/11,0.184384,0.206853846,0.056792,-0.011406965,0.212544161
4/15/11,0.175170783,0.195071795,0.057619478,-0.008006739,0.199974803
4/22/11,0.16366,0.189855769,0.06636,0.009840738,0.290292009
4/29/11,0.186232,0.204753846,0.04828,0.021635106,0.223090639
5/6/11,0.183632,0.204461538,0.056024,0.008953557,0.268588153
5/13/11,0.136704,0.164838462,0.044952,0.029249697,0.245352181
5/20/11,0.189672,0.214261538,0.068712,0.028149081,0.236814536
5/27/11,0.19885,0.218567308,0.05015,-0.011973948,0.216733237
6/3/11,0.172768,0.195,0.049944,0.025760875,0.238308071
6/10/11,0.159456,0.183869231,0.06308,0.053409228,0.229578788
6/17/11,0.174696,0.200192308,0.067904,0.006496604,0.251782076
6/24/11,0.161208,0.184446154,0.054288,-0.000445397,0.229368009
7/1/11,0.14716,0.17375,0.0716,0.014007717,0.208038714
7/8/11,0.160768,0.184507692,0.060792,0.002803056,0.225318646
7/15/11,0.148376,0.175876923,0.035888,-0.002622944,0.260906118
7/22/11,0.185456,0.206146154,0.048776,0.01754153,0.280344389
7/29/11,0.175904,0.196061538,0.056512,0.004190409,0.247218942
8/5/11,0.187392,0.2075,0.057224,0.008431219,0.193656775
8/12/11,0.177112,0.199776923,0.055432,0.012401688,0.18918189
8/19/11,0.151584,0.177123077,0.052312,0.011721549,0.214661429
8/26/11,0.178272,0.192692308,0.048832,0.029190051,0.22340202
9/2/11,0.15513,0.180711538,0.05446,-0.016191059,0.265230935
9/9/11,0.155432,0.180269231,0.058872,0.003647797,0.247698321
9/16/11,0.1514,0.172369231,0.067864,0.001582273,0.269608358
9/23/11,0.15064,0.177438462,0.058024,-0.014169863,0.223127864
9/30/11,0.167952,0.194161538,0.068432,0.021076782,0.241499221
10/7/11,0.178288,0.201953846,0.05096,0.000657599,0.231217703
10/14/11,0.159336,0.183015385,0.059984,-0.017304365,0.217035275
10/21/11,0.169008,0.187846154,0.0718,0.034945786,0.254237013
10/28/11,0.15436,0.173353846,0.076376,0.021229667,0.233913864
11/4/11,0.181008,0.202346154,0.064328,0.000469264,0.193832453
11/11/11,0.151616,0.172661538,0.063128,0.003252843,0.241780693
11/18/11,0.15811,0.181980769,0.05611,-0.029345115,0.270555856
11/25/11,0.163648,0.189346154,0.063272,0.052422909,0.297250867
12/2/11,0.192664,0.213576923,0.077616,0.014979591,0.302945205
12/9/11,0.157792,0.179469231,0.04244,0.008469994,0.250490184
12/16/11,0.169696,0.191053846,0.058904,0.020880972,0.228507701
12/23/11,0.17929,0.200682692,0.06314,0.004913237,0.204539613
12/30/11,0.15996,0.180192308,0.06143,-0.007275361,0.236139141
1/6/12,0.180848,0.207138462,0.041024,0.018729755,0.212392352
1/13/12,0.17938,0.200644231,0.06059,-0.0104175,0.23482697
1/20/12,0.16184,0.182815385,0.04912,-0.016108035,0.253034389
1/27/12,0.169952,0.187184615,0.062112,0.006018038,0.191917287
2/3/12,0.168344,0.188515385,0.048704,-0.013513434,0.240912727
2/10/12,0.179992,0.204861538,0.060008,-0.000143569,0.259313973
2/17/12,0.19628,0.217634615,0.03958,-0.010518368,0.229432392
2/24/12,0.169056,0.192484615,0.055608,-0.00897556,0.256287888
3/2/12,0.168024,0.192415385,0.062392,0.005118259,0.299387888
3/9/12,0.16912,0.193384615,0.06584,0.001851284,0.219199538
3/16/12,0.153704,0.176192308,0.056872,-0.017558701,0.219158377
3/23/12,0.141184,0.162753846,0.068568,-0.001948108,0.250163389
3/30/12,0.150952,0.177338462,0.051704,-0.025034714,0.281549779
4/6/12,0.14406,0.171942308,0.06137,0.039978481,0.243830321
4/13/12,0.16864,0.189246154,0.059248,-0.007848155,0.229453574
4/20/12,0.145648,0.171730769,0.07,0.037752825,0.261242038
4/27/12,0.150304,0.174038462,0.04404,0.004055248,0.207237379
5/4/12,0.168536,0.194430769,0.06584,0.013621077,0.222874262
5/11/12,0.16056,0.185753846,0.05284,0.011377193,0.236252179
5/18/12,0.176464,0.197846154,0.046264,0.050544381,0.263668851
5/25/12,0.192,0.220076923,0.05393,-0.031179594,0.222007065
6/1/12,0.18728,0.208346154,0.047728,-0.016750938,0.234383415
6/8/12,0.117448,0.139215385,0.052264,0.019076494,0.241545483
6/15/12,0.142024,0.163415385,0.056976,0.024406628,0.204484122
6/22/12,0.153,0.178415385,0.052624,-0.022437157,0.253291934
6/29/12,0.15249,0.172961538,0.06818,0.029924044,0.235502832
7/6/12,0.170264,0.190046154,0.06548,0.031896558,0.261400157
7/13/12,0.169776,0.191384615,0.061776,-0.00950961,0.222763434
7/20/12,0.174656,0.198092308,0.038,0.000643752,0.246285945
7/27/12,0.161616,0.1842,0.058272,0.003858788,0.246949091
8/3/12,0.18036,0.202561538,0.055344,0.040626917,0.234037498
8/10/12,0.16172,0.186223077,0.048864,-0.017313362,0.218697316
8/17/12,0.170656,0.194730769,0.040512,-0.019590118,0.261018011
8/24/12,0.174632,0.202284615,0.04124,-0.002371282,0.24300805
8/31/12,0.15133,0.179461538,0.04865,0.028575523,0.232793506
9/7/12,0.17672,0.203569231,0.052432,0.014897403,0.224522193
9/14/12,0.1846,0.213276923,0.041328,-0.009827648,0.218708687
9/21/12,0.190176,0.211815385,0.05732,0.00925899,0.242561818
9/28/12,0.155216,0.182553846,0.050624,0.00145952,0.220313846
10/5/12,0.173576,0.198369231,0.063896,0.005784638,0.240607452
10/12/12,0.14716,0.178607692,0.054328,-0.032163773,0.229976999
10/19/12,0.17408,0.195176923,0.059688,0.028168947,0.27194596
10/26/12,0.18732,0.212871795,0.05904,0.011040428,0.188426118
11/2/12,0.138392,0.160253846,0.061848,0.018183657,0.20535282
11/9/12,0.215048,0.237076923,0.065336,0.035715354,0.238440173
11/16/12,0.19885,0.220605769,0.06141,-0.018986517,0.222415115
11/23/12,0.165368,0.190869231,0.058384,0.018172595,0.237988146
11/30/12,0.17684,0.194930769,0.04372,-0.030488775,0.251233211
12/7/12,0.177872,0.200784615,0.048904,0.024529603,0.193100159
12/14/12,0.195232,0.214230769,0.04968,0.012859389,0.212269418
12/21/12,0.16168,0.184346154,0.05928,-0.003126491,0.246729305
12/28/12,0.18221,0.207538462,0.04624,-0.007758463,0.278284738
1/4/13,0.181488,0.2014,0.065416,-0.008185118,0.314764108
1/11/13,0.164104,0.19,0.06284,0.013498672,0.212266898
1/18/13,0.16704,0.189528846,0.06155,-0.025667328,0.23346336
1/25/13,0.136256,0.161546154,0.062984,0.037926322,0.254277993
2/1/13,0.138016,0.159861538,0.06,0.005609206,0.292906446
2/8/13,0.155312,0.175569231,0.0442,0.025124242,0.262733388
2/15/13,0.14485,0.177740385,0.04877,-0.012396825,0.22007877
2/22/13,0.174952,0.190338462,0.052464,0.015419803,0.226678826
3/1/13,0.150384,0.178638462,0.064944,0.009452597,0.228004665
3/8/13,0.155128,0.177384615,0.064784,-0.00204336,0.252241982
3/15/13,0.166272,0.189584615,0.053664,-0.017023752,0.275505382
3/22/13,0.144128,0.168476923,0.05936,0.014236248,0.223594267
3/29/13,0.16938,0.186798077,0.04917,0.024661049,0.260457389
4/5/13,0.12732,0.156546154,0.064688,0.03433697,0.217556407
4/12/13,0.17484,0.196484615,0.060648,0.017613925,0.259452713
4/19/13,0.1758,0.198446154,0.060664,0.012447749,0.303469553
4/26/13,0.179312,0.202823077,0.048944,0.005521996,0.205333704
5/3/13,0.177024,0.195907692,0.07156,0.015535501,0.21018002
5/10/13,0.171352,0.195484615,0.058104,0.003745801,0.284870765
5/17/13,0.178976,0.200284615,0.048064,-0.004611655,0.266366099
5/24/13,0.1576,0.180355769,0.05515,0.015856373,0.241108634
5/31/13,0.1942,0.216653846,0.063008,0.047037128,0.231965613
6/7/13,0.120296,0.149423077,0.068664,0.01609583,0.27647886
6/14/13,0.160544,0.184215385,0.054128,0.007338764,0.300336373
6/21/13,0.146256,0.170676923,0.058488,0.015032987,0.258417085
6/28/13,0.12651,0.152740385,0.06437,0.001404525,0.221527915
7/5/13,0.142632,0.168246154,0.066584,0.03687234,0.207733199
7/12/13,0.150064,0.170884615,0.073368,0.037397162,0.267625301
7/19/13,0.181912,0.203223077,0.054064,0.024168485,0.282768307
7/26/13,0.182088,0.1967,0.066192,0.041556556,0.32839457
8/2/13,0.138488,0.167884615,0.054408,0.030499428,0.281607624
8/9/13,0.163368,0.187038462,0.059232,0.02060215,0.219959654
8/16/13,0.174248,0.1992,0.055856,-0.00859658,0.274712929
8/23/13,0.158696,0.181730769,0.0584,-0.004808942,0.252571254
8/30/13,0.16001,0.179048077,0.07182,0.032396176,0.252741486
9/6/13,0.16072,0.186869231,0.066688,0.024892533,0.234436449
9/13/13,0.169064,0.191953846,0.053736,0.016156926,0.277618942
9/20/13,0.165392,0.192669231,0.0562,0.009503136,0.230487917
9/27/13,0.158472,0.183053846,0.0554,0.008282612,0.259287086
10/4/13,0.135136,0.157569231,0.080392,0.021540342,0.292340334
10/11/13,0.13424,0.162269231,0.073248,-0.000116756,0.258266482
10/18/13,0.167608,0.188707692,0.05584,-0.001672482,0.265094444
10/25/13,0.141936,0.163423077,0.057416,-0.00480003,0.261523995
11/1/13,0.165656,0.189053846,0.047968,-0.012685887,0.258760707
11/8/13,0.171944,0.201238462,0.06072,-0.018697417,0.344821573
11/15/13,0.136096,0.160538462,0.066336,0.019569697,0.271703038
11/22/13,0.15088,0.172701923,0.08448,-0.005090127,0.269508526
11/29/13,0.169432,0.1884,0.061024,0.009219206,0.262813569
12/6/13,0.136096,0.160346154,0.053008,-0.004521905,0.248787302
12/13/13,0.149976,0.173607692,0.064152,0.053823478,0.295627908
12/20/13,0.18109,0.210673077,0.06249,0.003179966,0.233967436
12/27/13,0.15598,0.182807692,0.0604,0.027428704,0.207917508
1/3/14,0.169896,0.195415385,0.053432,0.036676311,0.313338826
1/10/14,0.156544,0.183723077,0.057624,0.006757755,0.270247848
1/17/14,0.15684,0.179663462,0.04809,0.014171317,0.230498659
1/24/14,0.159552,0.1826,0.057656,-0.016590421,0.300264147
1/31/14,0.164376,0.179338462,0.071328,-0.004847672,0.296556133
2/7/14,0.141096,0.167723077,0.071624,0.015122205,0.261580847
2/14/14,0.16655,0.187653846,0.05686,0.014297562,0.255871382
2/21/14,0.137904,0.162184615,0.056208,0.039656667,0.236068687
2/28/14,0.115128,0.1417,0.060496,0.002977323,0.241819791
3/7/14,0.142704,0.172169231,0.041312,-0.012122059,0.212969028
3/14/14,0.133024,0.156392308,0.054832,0.001776912,0.206092828
3/21/14,0.151776,0.168553846,0.053736,0.010423504,0.222642326
3/28/14,0.137328,0.160876923,0.040632,-0.00116987,0.194232872
4/4/14,0.141472,0.164753846,0.052704,0.00034874,0.248913295
4/11/14,0.124808,0.1527,0.06528,0.013915188,0.175354559
4/18/14,0.13957,0.169836538,0.04514,0.004278608,0.191524062
4/25/14,0.150552,0.177169231,0.053152,0.008449125,0.216465565
5/2/14,0.15368,0.177453846,0.051048,0.012186364,0.182155714
5/9/14,0.149728,0.169215385,0.046008,0.010157446,0.267746883
5/16/14,0.153984,0.176738462,0.077328,0.01903381,0.25170583
5/23/14,0.14614,0.171798077,0.05299,0.02485202,0.221877778
5/30/14,0.12272,0.151,0.049952,0.027139327,0.206501948
6/6/14,0.11664,0.147446154,0.050704,-0.009116617,0.217675011
6/13/14,0.129392,0.158715385,0.0696,0.003448019,0.245295468
6/20/14,0.160912,0.183123077,0.053408,-0.023148571,0.24710127
6/27/14,0.161904,0.185684615,0.053248,-0.002022088,0.18242835
7/4/14,0.14473,0.173471154,0.05621,0.028033333,0.207671601
7/11/14,0.148408,0.175030769,0.045976,0.015914661,0.17270531
7/18/14,0.19344,0.215784615,0.037376,-0.01656108,0.235362475
7/25/14,0.152408,0.177253846,0.051752,0.020249293,0.210396768
8/1/14,0.158616,0.180869231,0.04016,0.007408947,0.186747215
8/8/14,0.141912,0.167715385,0.053384,-0.001351313,0.217226032
8/15/14,0.1352,0.165061538,0.045168,0.016807032,0.19310229
8/22/14,0.167392,0.188130769,0.045104,0.002000084,0.180775139
8/29/14,0.161,0.178855769,0.04957,0.032549297,0.206077615
9/5/14,0.144776,0.164946154,0.069024,0.001764199,0.228426219
9/12/14,0.134816,0.165515385,0.058648,0.032433636,0.214744444
9/19/14,0.133136,0.155130769,0.075976,0.025897547,0.22717013
9/26/14,0.134824,0.163146154,0.047048,0.020573463,0.250617648
10/3/14,0.136688,0.162153846,0.060328,0.004663117,0.201952612
10/10/14,0.157264,0.179915385,0.06048,-0.006045719,0.217518167
10/17/14,0.151328,0.173653846,0.079576,0.027198009,0.225429553
10/24/14,0.124048,0.154192308,0.069824,0.002233023,0.236653304
10/31/14,0.131024,0.157,0.052024,-0.000841649,0.25888433
11/7/14,0.128896,0.148384615,0.058824,0.030057964,0.23407763
11/14/14,0.165824,0.188223077,0.051488,0.008101837,0.203160731
11/21/14,0.17846,0.199759615,0.06581,0.007410029,0.287553644
11/28/14,0.153312,0.176676923,0.054824,-0.001053766,0.29568386
12/5/14,0.171896,0.192961538,0.058432,-0.026547649,0.245465097
12/12/14,0.17728,0.200823077,0.06192,-0.009084554,0.243695788
12/19/14,0.15738,0.180423077,0.06451,0.007900469,0.241831584
12/26/14,0.17377,0.193980769,0.04308,0.005214713,0.241254317
1/2/15,0.1648,0.190838462,0.052984,0.012412703,0.204876383
1/9/15,0.166936,0.195676923,0.056192,-0.007684668,0.202931991
1/16/15,0.16745,0.196365385,0.05584,0.001580177,0.249212825
1/23/15,0.191968,0.215338462,0.060792,0.017101469,0.181851807
1/30/15,0.139784,0.167792308,0.050888,0.002123535,0.271451573
2/6/15,0.14376,0.168630769,0.062048,-0.002785563,0.197597504
2/13/15,0.18077,0.206692308,0.04942,-0.005700884,0.258071591
2/20/15,0.152536,0.178307692,0.051496,0.003540548,0.232569235
2/27/15,0.136152,0.155061538,0.063984,0.050114502,0.252995166
3/6/15,0.175272,0.196284615,0.057064,0.01777596,0.222739322
3/13/15,0.123768,0.151476923,0.07264,0.039933492,0.246298961
3/20/15,0.1254,0.150507692,0.058992,0.007842756,0.260225859
3/27/15,0.154104,0.180092308,0.063352,0.004463944,0.264907768
4/3/15,0.14087,0.162519231,0.05769,-0.001255952,0.208209524
4/10/15,0.118288,0.148815385,0.056256,0.005546849,0.210884507
4/17/15,0.115528,0.144492308,0.055624,0.022597811,0.229082333
4/24/15,0.138256,0.166469231,0.073592,0.036676368,0.223806272
5/1/15,0.15212,0.173315385,0.044504,0.017548824,0.19870645
5/8/15,0.136304,0.156469231,0.056064,0.004020202,0.213834228
5/15/15,0.152088,0.177861538,0.051168,-0.017474417,0.216912653
5/22/15,0.13829,0.164259615,0.06107,0.037321861,0.217842496
5/29/15,0.131144,0.157607692,0.06704,0.018250245,0.234869495
6/5/15,0.095712,0.127792308,0.064808,0.007285868,0.245398446
6/12/15,0.123136,0.147569231,0.071792,0.035734978,0.272313896
6/19/15,0.130192,0.157861538,0.066312,0.022544214,0.278780794
6/26/15,0.133184,0.158084615,0.059016,0.055338591,0.240981162
7/3/15,0.16944,0.198182692,0.04885,0.029900349,0.256699074
7/10/15,0.14416,0.168907692,0.06924,0.055957579,0.246790564
7/17/15,0.14172,0.167630769,0.060784,0.048031443,0.258569942
7/24/15,0.134456,0.158630769,0.04932,0.000476094,0.258953892
7/31/15,0.156,0.181584615,0.060664,0.034481501,0.287584538
8/7/15,0.135344,0.159884615,0.063472,4.43E-05,0.281077056
8/14/15,0.131176,0.154953846,0.061024,0.001066889,0.28638784
8/21/15,0.137256,0.165307692,0.057672,0.02892101,0.25821987
8/28/15,0.154896,0.180169231,0.055792,0.026043021,0.220159981
9/4/15,0.12427,0.143201923,0.06355,0.017388393,0.265167253
9/11/15,0.155272,0.180338462,0.077544,0.044403439,0.223486878
9/18/15,0.152048,0.175846154,0.06156,0.036694889,0.242209859
9/25/15,0.121448,0.152407692,0.058416,0.049901061,0.293229091
10/2/15,0.145488,0.171,0.059216,0.042317732,0.246297045
10/9/15,0.15696,0.1834,0.060576,0.003933886,0.246670269
10/16/15,0.161624,0.184938462,0.06044,0.030179519,0.287150019
10/23/15,0.137976,0.160315385,0.050696,-0.013822421,0.24836091
10/30/15,0.136872,0.157261538,0.06896,0.011892071,0.312165447
11/6/15,0.14388,0.166415385,0.067,-0.013671244,0.337206313
11/13/15,0.202696,0.226515385,0.046776,0.004104841,0.17430583
11/20/15,0.17329,0.198153846,0.07113,0.024973191,0.182179061
11/27/15,0.138184,0.162015385,0.064672,0.036815953,0.227277084
12/4/15,0.1778,0.197307692,0.05764,0.025236358,0.246705628
12/11/15,0.139488,0.169176923,0.047152,0.011538942,0.213398995
12/18/15,0.180784,0.205161538,0.0556,0.02926455,0.234493386
12/25/15,0.15853,0.184692308,0.05867,0.012871759,0.231283923
1/1/16,0.17709,0.200836538,0.0458,0.02036063,0.288607083
1/8/16,0.152064,0.172030769,0.055456,0.016941602,0.177500895
1/15/16,0.1566,0.182307692,0.05444,-0.004132287,0.225732323
1/22/16,0.177624,0.194515385,0.056696,-0.035534343,0.262171919
1/29/16,0.144072,0.166830769,0.078072,0.010732581,0.27626822
2/5/16,0.157296,0.180084615,0.043072,0.004097778,0.233416508
2/12/16,0.13125,0.15425,0.05649,0.042567911,0.26514145
2/19/16,0.130168,0.157146154,0.059504,0.015828966,0.247162939
2/26/16,0.156104,0.183376923,0.046968,-0.01639513,0.173782742
3/4/16,0.159,0.181515385,0.04724,-0.005188656,0.222418844
3/11/16,0.14908,0.175630769,0.04744,0.03940556,0.267417571
3/18/16,0.196016,0.215415385,0.056928,0.025989142,0.233158869
3/25/16,0.17003,0.193759615,0.04973,0.024213636,0.229846609
4/1/16,0.132128,0.151330769,0.045368,-0.014327792,0.191824906
4/8/16,0.154976,0.179292308,0.06084,-0.000277759,0.260813001
4/15/16,0.133584,0.155153846,0.056592,0.016192713,0.245761053
4/22/16,0.172752,0.1985,0.062864,-0.004111219,0.196912525
4/29/16,0.15524,0.1828,0.056256,-0.00284658,0.227455685
5/6/16,0.132064,0.155084615,0.056168,0.015940315,0.274482838
5/13/16,0.13732,0.163238462,0.060576,0.025089307,0.259393247
5/20/16,0.163368,0.181084615,0.049464,0.014219596,0.268917172
5/27/16,0.17375,0.194817308,0.06334,0.024690206,0.263704455
6/3/16,0.119696,0.148215385,0.06632,0.026383059,0.23462355
6/10/16,0.150816,0.173846154,0.062056,0.032889012,0.278408514
6/17/16,0.171744,0.197438462,0.064512,0.02133368,0.242630043
6/24/16,0.152008,0.174661538,0.077632,0.016775402,0.24959633
7/2/16,0.153765714,0.181681319,0.059188571,0.011028242,0.264406164
7/9/16,0.150542857,0.175895604,0.050422857,0.030249667,0.303096516
7/16/16,0.183475604,0.208746235,0.04487033,-0.026477709,0.256132997
7/23/16,0.194188571,0.212505495,0.041662857,-0.017527283,0.216158905
7/30/16,0.174142857,0.198802198,0.045834286,-0.023283694,0.235997671
8/6/16,0.161577143,0.186510989,0.045937143,0.009891249,0.247968993
8/13/16,0.145965714,0.172346154,0.056988571,0.015398183,0.236165155
8/20/16,0.167937143,0.189950549,0.052628571,0.043107825,0.261797618
8/27/16,0.138737143,0.164142857,0.076697143,0.043108522,0.224955646
9/3/16,0.146285714,0.171895604,0.076371429,0.047272325,0.265428963
9/10/16,0.142045714,0.16606044,0.056451429,0.006553695,0.188099402
9/17/16,0.168737143,0.194417582,0.044977143,0.018032925,0.23636934
9/24/16,0.161325714,0.183241758,0.058171429,0.02388288,0.221776984
10/1/16,0.18128,0.203637363,0.051731429,-0.00234263,0.205860544
10/8/16,0.164651429,0.184115385,0.068862857,0.034178532,0.271344309
10/15/16,0.1452,0.167538462,0.058062857,0.008060338,0.232253886
10/22/16,0.145268571,0.170412088,0.053017143,0.02211981,0.248250804
10/29/16,0.15192,0.176956044,0.06188,0.03276411,0.290961472
11/5/16,0.153337143,0.177005495,0.052851429,0.024755829,0.235009678
11/12/16,0.143348571,0.166796703,0.049622857,-0.011286597,0.226401105
11/19/16,0.126474286,0.147884615,0.065131429,0.050217559,0.248591645
11/26/16,0.142457143,0.163923077,0.055662857,0.056685673,0.293102139
12/3/16,0.157308571,0.184675824,0.068977143,0.003202547,0.261038879
12/10/16,0.155845714,0.180489011,0.060588571,0.015072604,0.248516399
12/17/16,0.16192,0.187142857,0.056542857,0.004179575,0.186331353
12/24/16,0.155805714,0.180285714,0.063348571,-0.000603961,0.196813145
12/31/16,0.135925714,0.161236264,0.060571429,0.02090805,0.241009225
1/7/17,0.141177143,0.168521978,0.047994286,0.008760364,0.226856803
1/14/17,0.136168791,0.16232906,0.065001978,0.021693948,0.240961745
1/21/17,0.117857143,0.14482967,0.059114286,0.013490785,0.214519336
1/28/17,0.176624615,0.195537037,0.060958901,1.48E-05,0.213157271
2/4/17,0.174939121,0.197648555,0.055604396,0.013727306,0.200015387
2/11/17,0.139971429,0.16132967,0.056954286,-0.017529408,0.222488947
2/18/17,0.140811429,0.169241758,0.049897143,0.003309243,0.23622913
2/25/17,0.15668,0.186241758,0.04692,0.026786036,0.244823941
3/4/17,0.122022857,0.151373626,0.044622857,0.025359926,0.23131744
3/11/17,0.154411429,0.178681319,0.04464,0.005726405,0.190850178
3/18/17,0.131062857,0.159626374,0.060845714,0.020922511,0.244637621
3/25/17,0.11184,0.138912088,0.067022857,0.028072334,0.263670487
4/1/17,0.17652,0.197521978,0.052828571,-0.021298316,0.235185386
4/8/17,0.144531429,0.17117033,0.053914286,0.028800076,0.21198735
4/15/17,0.126782857,0.151324176,0.055074286,0.00013159,0.242340952
4/22/17,0.141457143,0.165175824,0.0652,0.002234392,0.250278307
4/29/17,0.117731429,0.14460989,0.067822857,0.036994654,0.270755068
5/6/17,0.126862857,0.150032967,0.06508,0.013504279,0.276894473
5/13/17,0.127914286,0.15732967,0.077857143,0.022556612,0.262422872
5/20/17,0.130691429,0.155489011,0.075337143,0.046946269,0.224567986
5/27/17,0.114542857,0.140082418,0.083611429,0.026463173,0.244664832
6/3/17,0.151388571,0.177274725,0.066045714,-0.002630918,0.231039016
6/10/17,0.171097143,0.190906593,0.062057143,0.011197403,0.22912494
6/17/17,0.172896923,0.19425987,0.052093846,0.005941008,0.23815626
6/24/17,0.154394286,0.181340659,0.072268571,0.007308459,0.256217073
7/1/17,0.127177143,0.155851648,0.081365714,0.07883204,0.256150072
7/8/17,0.116051429,0.141851648,0.064817143,0.039114379,0.216583777
7/15/17,0.136725714,0.157351648,0.06468,0.019313577,0.236347464
7/22/17,0.130274286,0.15556044,0.064091429,-0.007018718,0.24779766
7/29/17,0.152761099,0.179012414,0.063313846,0.060106277,0.215835516
8/5/17,0.145061099,0.16834534,0.069805275,0.020922035,0.281090305
8/12/17,0.184735604,0.209933252,0.055664835,-0.00281313,0.226630024
8/19/17,0.192005714,0.217516484,0.04112,0.030313028,0.213109452
8/26/17,0.146582857,0.172510989,0.0596,0.013796133,0.208240462
9/2/17,0.137102857,0.161862637,0.057297143,0.016421721,0.279596956
9/9/17,0.136816264,0.162444851,0.058916044,0.023924847,0.208434477
9/16/17,0.142742857,0.170615385,0.045845714,0.024411486,0.20435213
9/23/17,0.145194286,0.169978022,0.057097143,0.016394424,0.203368182
9/30/17,0.142548571,0.169697802,0.06212,0.007230942,0.236772944
10/7/17,0.128257143,0.155043956,0.047685714,0.009905535,0.232862554
10/14/17,0.152725714,0.172637363,0.054805714,0.036008635,0.238641334
10/21/17,0.146708571,0.171686813,0.058988571,0.015967853,0.277455949
10/28/17,0.135354286,0.163296703,0.05724,0.015880635,0.266851361
11/4/17,0.122125714,0.149423077,0.06244,-0.005838392,0.235257425
11/11/17,0.137954286,0.161258242,0.061422857,0.001126977,0.2456907
11/18/17,0.131672308,0.157092355,0.056909744,0.027827708,0.257796876